﻿<?xml version="1.0" encoding="utf-8"?>
<deployment>
  <id>4db9a79f602b4d3fbbb401ba52ad0513</id>
  <author>N/A</author>
  <deployer>OneDeploy</deployer>
  <authorEmail>N/A</authorEmail>
  <message>OneDeploy</message>
  <progress></progress>
  <status>Success</status>
  <statusText></statusText>
  <lastSuccessEndTime>2025-10-14T04:29:26.1503799Z</lastSuccessEndTime>
  <receivedTime>2025-10-14T04:29:18.8252737Z</receivedTime>
  <startTime>2025-10-14T04:29:18.9971477Z</startTime>
  <endTime>2025-10-14T04:29:26.1503799Z</endTime>
  <complete>True</complete>
  <is_temp>False</is_temp>
  <is_readonly>True</is_readonly>
  <project_type>OneDeploy</project_type>
  <vsproject_id></vsproject_id>
</deployment>