<Events><Event><System><Provider Name=".NET Runtime"/><EventID>1000</EventID><Level>2</Level><Task>0</Task><Keywords>Keywords</Keywords><TimeCreated SystemTime="2025-10-09T09:36:01Z"/><EventRecordID>772757781</EventRecordID><Channel>Application</Channel><Computer>DW0SDWK000091</Computer><Security/></System><EventData><Data>Category: Microsoft.AspNetCore.DataProtection.KeyManagement.XmlKeyManager
EventId: 35

No XML encryptor configured. Key {7876edc0-9746-4345-9599-4c20d15c3ee5} may be persisted to storage in unencrypted form.
</Data></EventData></Event><Event><System><Provider Name="IIS AspNetCore Module V2"/><EventID>1032</EventID><Level>4</Level><Task>0</Task><Keywords>Keywords</Keywords><TimeCreated SystemTime="2025-10-09T09:36:02Z"/><EventRecordID>772758234</EventRecordID><Channel>Application</Channel><Computer>DW0SDWK000091</Computer><Security/></System><EventData><Data>Application 'C:\home\site\wwwroot\' started successfully.</Data><Data>Process Id: 6832.</Data><Data>File Version: 18.0.25232.20. Description: IIS ASP.NET Core Module V2 Request Handler. Commit: </Data></EventData></Event><Event><System><Provider Name="IIS AspNetCore Module V2"/><EventID>1012</EventID><Level>4</Level><Task>0</Task><Keywords>Keywords</Keywords><TimeCreated SystemTime="2025-10-09T10:09:27Z"/><EventRecordID>774763640</EventRecordID><Channel>Application</Channel><Computer>DW0SDWK000091</Computer><Security/></System><EventData><Data>Application 'C:\home\site\wwwroot\' was recycled after detecting app_offline.htm.</Data><Data>Process Id: 6832.</Data><Data>File Version: 18.0.25232.20. Description: IIS ASP.NET Core Module V2 Request Handler. Commit: </Data></EventData></Event><Event><System><Provider Name="IIS AspNetCore Module V2"/><EventID>1033</EventID><Level>4</Level><Task>0</Task><Keywords>Keywords</Keywords><TimeCreated SystemTime="2025-10-09T10:09:28Z"/><EventRecordID>774764859</EventRecordID><Channel>Application</Channel><Computer>DW0SDWK000091</Computer><Security/></System><EventData><Data>Application 'MACHINE/WEBROOT/APPHOST/CERTIFICATEMANAGEMENT' has shutdown.</Data><Data>Process Id: 6832.</Data><Data>File Version: 18.0.25232.20. Description: IIS ASP.NET Core Module V2 Request Handler. Commit: </Data></EventData></Event><Event><System><Provider Name="IIS AspNetCore Module V2"/><EventID>1032</EventID><Level>4</Level><Task>0</Task><Keywords>Keywords</Keywords><TimeCreated SystemTime="2025-10-09T10:38:54Z"/><EventRecordID>776530656</EventRecordID><Channel>Application</Channel><Computer>DW0SDWK000091</Computer><Security/></System><EventData><Data>Application 'C:\home\site\wwwroot\' started successfully.</Data><Data>Process Id: 6084.</Data><Data>File Version: 18.0.25232.20. Description: IIS ASP.NET Core Module V2 Request Handler. Commit: </Data></EventData></Event><Event><System><Provider Name="IIS AspNetCore Module V2"/><EventID>1033</EventID><Level>4</Level><Task>0</Task><Keywords>Keywords</Keywords><TimeCreated SystemTime="2025-10-09T11:55:26Z"/><EventRecordID>781122171</EventRecordID><Channel>Application</Channel><Computer>DW0SDWK000091</Computer><Security/></System><EventData><Data>Application 'MACHINE/WEBROOT/APPHOST/CERTIFICATEMANAGEMENT' has shutdown.</Data><Data>Process Id: 6084.</Data><Data>File Version: 18.0.25232.20. Description: IIS ASP.NET Core Module V2 Request Handler. Commit: </Data></EventData></Event><Event><System><Provider Name="IIS AspNetCore Module V2"/><EventID>1032</EventID><Level>4</Level><Task>0</Task><Keywords>Keywords</Keywords><TimeCreated SystemTime="2025-10-14T04:30:25Z"/><EventRecordID>1186416546</EventRecordID><Channel>Application</Channel><Computer>DW0SDWK000091</Computer><Security/></System><EventData><Data>Application 'C:\home\site\wwwroot\' started successfully.</Data><Data>Process Id: 7972.</Data><Data>File Version: 18.0.25232.20. Description: IIS ASP.NET Core Module V2 Request Handler. Commit: </Data></EventData></Event><Event><System><Provider Name="IIS AspNetCore Module V2"/><EventID>1012</EventID><Level>4</Level><Task>0</Task><Keywords>Keywords</Keywords><TimeCreated SystemTime="2025-10-14T04:31:19Z"/><EventRecordID>1186470500</EventRecordID><Channel>Application</Channel><Computer>DW0SDWK000091</Computer><Security/></System><EventData><Data>Application 'C:\home\site\wwwroot\' was recycled after detecting app_offline.htm.</Data><Data>Process Id: 7972.</Data><Data>File Version: 18.0.25232.20. Description: IIS ASP.NET Core Module V2 Request Handler. Commit: </Data></EventData></Event><Event><System><Provider Name="IIS AspNetCore Module V2"/><EventID>1033</EventID><Level>4</Level><Task>0</Task><Keywords>Keywords</Keywords><TimeCreated SystemTime="2025-10-14T04:31:20Z"/><EventRecordID>1186471171</EventRecordID><Channel>Application</Channel><Computer>DW0SDWK000091</Computer><Security/></System><EventData><Data>Application 'MACHINE/WEBROOT/APPHOST/CERTIFICATEMANAGEMENT' has shutdown.</Data><Data>Process Id: 7972.</Data><Data>File Version: 18.0.25232.20. Description: IIS ASP.NET Core Module V2 Request Handler. Commit: </Data></EventData></Event><Event><System><Provider Name="IIS AspNetCore Module V2"/><EventID>1032</EventID><Level>4</Level><Task>0</Task><Keywords>Keywords</Keywords><TimeCreated SystemTime="2025-10-14T04:32:07Z"/><EventRecordID>1186518843</EventRecordID><Channel>Application</Channel><Computer>DW0SDWK000091</Computer><Security/></System><EventData><Data>Application 'C:\home\site\wwwroot\' started successfully.</Data><Data>Process Id: 2940.</Data><Data>File Version: 18.0.25232.20. Description: IIS ASP.NET Core Module V2 Request Handler. Commit: </Data></EventData></Event><Event><System><Provider Name="IIS AspNetCore Module V2"/><EventID>1033</EventID><Level>4</Level><Task>0</Task><Keywords>Keywords</Keywords><TimeCreated SystemTime="2025-10-14T04:34:39Z"/><EventRecordID>1186671015</EventRecordID><Channel>Application</Channel><Computer>DW0SDWK000091</Computer><Security/></System><EventData><Data>Application 'MACHINE/WEBROOT/APPHOST/CERTIFICATEMANAGEMENT' has shutdown.</Data><Data>Process Id: 2940.</Data><Data>File Version: 18.0.25232.20. Description: IIS ASP.NET Core Module V2 Request Handler. Commit: </Data></EventData></Event><Event><System><Provider Name="IIS AspNetCore Module V2"/><EventID>1032</EventID><Level>4</Level><Task>0</Task><Keywords>Keywords</Keywords><TimeCreated SystemTime="2025-10-14T04:35:50Z"/><EventRecordID>1186741937</EventRecordID><Channel>Application</Channel><Computer>DW0SDWK000091</Computer><Security/></System><EventData><Data>Application 'C:\home\site\wwwroot\' started successfully.</Data><Data>Process Id: 1672.</Data><Data>File Version: 18.0.25232.20. Description: IIS ASP.NET Core Module V2 Request Handler. Commit: </Data></EventData></Event><Event><System><Provider Name="IIS AspNetCore Module V2"/><EventID>1033</EventID><Level>4</Level><Task>0</Task><Keywords>Keywords</Keywords><TimeCreated SystemTime="2025-10-14T04:37:47Z"/><EventRecordID>1186858140</EventRecordID><Channel>Application</Channel><Computer>DW0SDWK000091</Computer><Security/></System><EventData><Data>Application 'MACHINE/WEBROOT/APPHOST/CERTIFICATEMANAGEMENT' has shutdown.</Data><Data>Process Id: 1672.</Data><Data>File Version: 18.0.25232.20. Description: IIS ASP.NET Core Module V2 Request Handler. Commit: </Data></EventData></Event><Event><System><Provider Name="IIS AspNetCore Module V2"/><EventID>1032</EventID><Level>4</Level><Task>0</Task><Keywords>Keywords</Keywords><TimeCreated SystemTime="2025-10-14T04:39:50Z"/><EventRecordID>1186981640</EventRecordID><Channel>Application</Channel><Computer>DW0SDWK000091</Computer><Security/></System><EventData><Data>Application 'C:\home\site\wwwroot\' started successfully.</Data><Data>Process Id: 3068.</Data><Data>File Version: 18.0.25232.20. Description: IIS ASP.NET Core Module V2 Request Handler. Commit: </Data></EventData></Event><Event><System><Provider Name="IIS AspNetCore Module V2"/><EventID>1012</EventID><Level>4</Level><Task>0</Task><Keywords>Keywords</Keywords><TimeCreated SystemTime="2025-10-14T04:46:53Z"/><EventRecordID>1187404265</EventRecordID><Channel>Application</Channel><Computer>DW0SDWK000091</Computer><Security/></System><EventData><Data>Application 'C:\home\site\wwwroot\' was recycled after detecting app_offline.htm.</Data><Data>Process Id: 3068.</Data><Data>File Version: 18.0.25232.20. Description: IIS ASP.NET Core Module V2 Request Handler. Commit: </Data></EventData></Event><Event><System><Provider Name="IIS AspNetCore Module V2"/><EventID>1033</EventID><Level>4</Level><Task>0</Task><Keywords>Keywords</Keywords><TimeCreated SystemTime="2025-10-14T04:46:55Z"/><EventRecordID>1187406453</EventRecordID><Channel>Application</Channel><Computer>DW0SDWK000091</Computer><Security/></System><EventData><Data>Application 'MACHINE/WEBROOT/APPHOST/CERTIFICATEMANAGEMENT' has shutdown.</Data><Data>Process Id: 3068.</Data><Data>File Version: 18.0.25232.20. Description: IIS ASP.NET Core Module V2 Request Handler. Commit: </Data></EventData></Event><Event><System><Provider Name="IIS AspNetCore Module V2"/><EventID>1032</EventID><Level>4</Level><Task>0</Task><Keywords>Keywords</Keywords><TimeCreated SystemTime="2025-10-14T04:52:51Z"/><EventRecordID>1187762203</EventRecordID><Channel>Application</Channel><Computer>DW0SDWK000091</Computer><Security/></System><EventData><Data>Application 'C:\home\site\wwwroot\' started successfully.</Data><Data>Process Id: 3412.</Data><Data>File Version: 18.0.25232.20. Description: IIS ASP.NET Core Module V2 Request Handler. Commit: </Data></EventData></Event><Event><System><Provider Name="IIS AspNetCore Module V2"/><EventID>1012</EventID><Level>4</Level><Task>0</Task><Keywords>Keywords</Keywords><TimeCreated SystemTime="2025-10-14T04:55:06Z"/><EventRecordID>1187897953</EventRecordID><Channel>Application</Channel><Computer>DW0SDWK000091</Computer><Security/></System><EventData><Data>Application 'C:\home\site\wwwroot\' was recycled after detecting app_offline.htm.</Data><Data>Process Id: 3412.</Data><Data>File Version: 18.0.25232.20. Description: IIS ASP.NET Core Module V2 Request Handler. Commit: </Data></EventData></Event><Event><System><Provider Name="IIS AspNetCore Module V2"/><EventID>1033</EventID><Level>4</Level><Task>0</Task><Keywords>Keywords</Keywords><TimeCreated SystemTime="2025-10-14T04:55:07Z"/><EventRecordID>1187898187</EventRecordID><Channel>Application</Channel><Computer>DW0SDWK000091</Computer><Security/></System><EventData><Data>Application 'MACHINE/WEBROOT/APPHOST/CERTIFICATEMANAGEMENT' has shutdown.</Data><Data>Process Id: 3412.</Data><Data>File Version: 18.0.25232.20. Description: IIS ASP.NET Core Module V2 Request Handler. Commit: </Data></EventData></Event><Event><System><Provider Name="IIS AspNetCore Module V2"/><EventID>1032</EventID><Level>4</Level><Task>0</Task><Keywords>Keywords</Keywords><TimeCreated SystemTime="2025-10-14T05:04:10Z"/><EventRecordID>1188441359</EventRecordID><Channel>Application</Channel><Computer>DW0SDWK000091</Computer><Security/></System><EventData><Data>Application 'C:\home\site\wwwroot\' started successfully.</Data><Data>Process Id: 5204.</Data><Data>File Version: 18.0.25232.20. Description: IIS ASP.NET Core Module V2 Request Handler. Commit: </Data></EventData></Event></Events>