<step title="Incoming Request" date="2025-10-14T04:29:15.840" instance="680cd0" url="/api/publish?type=zip" method="POST" type="request" pid="7992,2,20" Cache-Control="no-cache" Content-Length="8088765" Content-Type="application/octet-stream" Accept="*/*" Accept-Encoding="gzip, deflate" Authorization="Bea..." Host="certificatemanagement.scm.azurewebsites.net" User-Agent="AZURECLI/2.77.0 (MSI)" x-ms-client-request-id="510a896c-a8b6-11f0-95d2-8cb0e954b127" X-ARR-LOG-ID="510a896c-a8b6-11f0-95d2-8cb0e954b127" CLIENT-IP="123.20.221.240:50845" X-SITE-DEPLOYMENT-ID="CertificateManagement" WAS-DEFAULT-HOSTNAME="certificatemanagement.scm.azurewebsites.net" X-Forwarded-Proto="https" X-AppService-Proto="https" X-Forwarded-TlsVersion="1.3" X-WAWS-Unencoded-URL="/api/publish?type=zip" >
  <step title="Cleanup Xml Logs" date="2025-10-14T04:29:15.859" /><!-- duration: 12ms -->
  <step title="OneDeploy" date="2025-10-14T04:29:15.970" >
    <step title="Starting PushDeployAsync" date="2025-10-14T04:29:16.012" /><!-- duration: 0ms -->
    <step title="Updating shutdown sentinel last write time" date="2025-10-14T04:29:16.202" SemaphoreCount="7" /><!-- duration: 13ms -->
    <step title="LockFile &apos;C:\home\site\locks\deployments.lock&apos; acquired" date="2025-10-14T04:29:16.246" /><!-- duration: 0ms -->
    <step title="Saving request content to C:\local\Temp\zipdeploy\kcqbz5yp.zip" date="2025-10-14T04:29:16.278" >
      <step title="Total 8,088,765 bytes written to C:\local\Temp\zipdeploy\kcqbz5yp.zip" date="2025-10-14T04:29:16.529" /><!-- duration: 20ms -->
    </step><!-- duration: 281ms -->
    <step title="LockFile &apos;C:\home\site\locks\deployments.lock&apos; released" date="2025-10-14T04:29:16.559" /><!-- duration: 16ms -->
    <step title="Deleting shutdown sentinel file" date="2025-10-14T04:29:16.590" SemaphoreCount="8" /><!-- duration: 0ms -->
    <step title="Starting FetchDeploy" date="2025-10-14T04:29:16.610" /><!-- duration: 0ms -->
    <step title="Attempting to fetch target branch HEAD" date="2025-10-14T04:29:16.610" /><!-- duration: 11ms -->
    <step title="Updating shutdown sentinel last write time" date="2025-10-14T04:29:16.637" SemaphoreCount="7" /><!-- duration: 0ms -->
    <step title="LockFile &apos;C:\home\site\locks\deployments.lock&apos; acquired" date="2025-10-14T04:29:16.653" /><!-- duration: 0ms -->
    <step title="Performing fetch based deployment" date="2025-10-14T04:29:16.671" >
      <step title="Creating temporary deployment" date="2025-10-14T04:29:16.684" /><!-- duration: 109ms -->
      <step title="Fetching changes." date="2025-10-14T04:29:16.965" /><!-- duration: 0ms -->
      <step title="Starting LocalZipHandler" date="2025-10-14T04:29:16.981" /><!-- duration: 16ms -->
      <step title="Starting LocalZipFetch" date="2025-10-14T04:29:16.997" /><!-- duration: 18ms -->
      <step title="Cleaning up temp folders from previous zip deployments and extracting pushed zip file C:\local\Temp\zipdeploy\kcqbz5yp.zip (7.71 MB) to C:\local\Temp\zipdeploy\extracted" date="2025-10-14T04:29:17.028" /><!-- duration: 0ms -->
      <step title="Cleaning up temp folders from previous zip deployments and extracting pushed zip file C:\local\Temp\zipdeploy\kcqbz5yp.zip (7.71 MB) to C:\local\Temp\zipdeploy\extracted" date="2025-10-14T04:29:17.076" >
        <step title="Extracting 86 entries to C:\local\Temp\zipdeploy\extracted directory" date="2025-10-14T04:29:17.137" >
          <step title="Extracting to C:\local\Temp\zipdeploy\extracted\runtimes\browser\lib\net8.0\System.Text.Encodings.Web.dll ..." date="2025-10-14T04:29:17.156" /><!-- duration: 44ms -->
          <step title="Extracting to C:\local\Temp\zipdeploy\extracted\runtimes\win\lib\net7.0\Microsoft.Win32.SystemEvents.dll ..." date="2025-10-14T04:29:17.216" /><!-- duration: 0ms -->
          <step title="Extracting to C:\local\Temp\zipdeploy\extracted\runtimes\win\lib\net7.0\System.Drawing.Common.dll ..." date="2025-10-14T04:29:17.247" /><!-- duration: 31ms -->
          <step title="Extracting to C:\local\Temp\zipdeploy\extracted\runtimes\win\lib\net8.0\System.Security.Cryptography.Pkcs.dll ..." date="2025-10-14T04:29:17.278" /><!-- duration: 31ms -->
          <step title="Extracting to C:\local\Temp\zipdeploy\extracted\Application.deps.json ..." date="2025-10-14T04:29:17.309" /><!-- duration: 16ms -->
          <step title="Omitting extracting file traces ..." date="2025-10-14T04:29:17.325" /><!-- duration: 32ms -->
          <step title="Extracting to C:\local\Temp\zipdeploy\extracted\web.config ..." date="2025-10-14T04:29:18.669" /><!-- duration: 62ms -->
        </step><!-- duration: 1594ms -->
      </step><!-- duration: 1671ms -->
      <step title="None repository commit" date="2025-10-14T04:29:18.747" >
        <step title="Commit id: 4db9a79f602b4d3fbbb401ba52ad0513" date="2025-10-14T04:29:18.747" Message="OneDeploy" AuthorName="N/A" AuthorEmail="N/A" /><!-- duration: 16ms -->
      </step><!-- duration: 16ms -->
      <step title="Before sending BuildRequestReceived status to /api/updatedeploystatus" date="2025-10-14T04:29:18.762" /><!-- duration: 0ms -->
      <step title="DeploymentManager.Deploy(id:4db9a79f602b4d3fbbb401ba52ad0513)" date="2025-10-14T04:29:18.778" >
        <step title="Collecting changeset information" date="2025-10-14T04:29:18.794" /><!-- duration: 47ms -->
        <step title="Updating submodules" date="2025-10-14T04:29:18.856" >
          <step title="Updating submodules." date="2025-10-14T04:29:18.903" /><!-- duration: 0ms -->
        </step><!-- duration: 63ms -->
        <step title="Preparing deployment for commit id &apos;4db9a79f60&apos;." date="2025-10-14T04:29:18.965" /><!-- duration: 0ms -->
        <step title="Determining deployment builder" date="2025-10-14T04:29:19.012" >
          <step title="Builder is OneDeployBuilder" date="2025-10-14T04:29:19.028" /><!-- duration: 0ms -->
        </step><!-- duration: 33ms -->
        <step title="Copying SSH keys" date="2025-10-14T04:29:19.106" /><!-- duration: 16ms -->
        <step title="Building" date="2025-10-14T04:29:19.153" >
          <step title="Running build. Project type: OneDeploy" date="2025-10-14T04:29:19.200" /><!-- duration: 0ms -->
          <step title="Copying the manifest" date="2025-10-14T04:29:19.262" /><!-- duration: 16ms -->
          <step title="Clean deploying to C:\home\site\wwwroot" date="2025-10-14T04:29:19.340" /><!-- duration: 16ms -->
          <step title="Generating deployment script." date="2025-10-14T04:29:19.403" /><!-- duration: 0ms -->
          <step title="Generating deployment script" date="2025-10-14T04:29:19.419" >
            <step title="Using the following command to generate deployment script: &apos;azure site deploymentscript -y --no-dot-deployment -r &quot;C:\local\Temp\zipdeploy\extracted&quot; -o &quot;C:\home\site\deployments\tools&quot; --basic --sitePath &quot;C:\local\Temp\zipdeploy\extracted&quot;&apos;." date="2025-10-14T04:29:19.528" /><!-- duration: 0ms -->
            <step title="Executing external process" date="2025-10-14T04:29:19.594" type="process" path="starter.cmd" arguments="&quot;C:\Program Files (x86)\SiteExtensions\Kudu\2025.09.1.1\bin\node_modules\.bin\kuduscript.cmd&quot; -y --no-dot-deployment -r &quot;C:\local\Temp\zipdeploy\extracted&quot; -o &quot;C:\home\site\deployments\tools&quot; --basic --sitePath &quot;C:\local\Temp\zipdeploy\extracted&quot;" >
              <step title="Generating deployment script for Web Site" date="2025-10-14T04:29:20.957" /><!-- duration: 12ms -->
              <step title="Generated deployment script files" date="2025-10-14T04:29:21.001" /><!-- duration: 17ms -->
            </step><!-- duration: 1454ms -->
            <step title="Saved cached version of the deployment script for command -y --no-dot-deployment -r &quot;C:\local\Temp\zipdeploy\extracted&quot; -o &quot;C:\home\site\deployments\tools&quot; --basic --sitePath &quot;C:\local\Temp\zipdeploy\extracted&quot;" date="2025-10-14T04:29:21.079" /><!-- duration: 0ms -->
          </step><!-- duration: 1676ms -->
          <step title="Running deployment command..." date="2025-10-14T04:29:21.157" /><!-- duration: 16ms -->
          <step title="Command: &quot;C:\home\site\deployments\tools\deploy.cmd&quot;" date="2025-10-14T04:29:21.173" /><!-- duration: 16ms -->
          <step title="Executing external process" date="2025-10-14T04:29:21.220" type="process" path="starter.cmd" arguments="&quot;C:\home\site\deployments\tools\deploy.cmd&quot;" >
            <step title="Handling Basic Web Site deployment." date="2025-10-14T04:29:21.813" /><!-- duration: 17ms -->
            <step title="Creating app_offline.htm" date="2025-10-14T04:29:22.540" /><!-- duration: 16ms -->
            <step title="KuduSync.NET from: &apos;C:\local\Temp\zipdeploy\extracted&apos; to: &apos;C:\home\site\wwwroot&apos;" date="2025-10-14T04:29:22.572" /><!-- duration: 0ms -->
            <step title="Deleting file: &apos;Azure.Core.dll&apos;" date="2025-10-14T04:29:22.587" /><!-- duration: 0ms -->
            <step title="Deleting file: &apos;Azure.Identity.dll&apos;" date="2025-10-14T04:29:22.603" /><!-- duration: 0ms -->
            <step title="Deleting file: &apos;hostingstart.html&apos;" date="2025-10-14T04:29:22.634" /><!-- duration: 0ms -->
            <step title="Deleting file: &apos;Microsoft.Bcl.AsyncInterfaces.dll&apos;" date="2025-10-14T04:29:22.650" /><!-- duration: 0ms -->
            <step title="Deleting file: &apos;Microsoft.Data.SqlClient.dll&apos;" date="2025-10-14T04:29:22.665" /><!-- duration: 0ms -->
            <step title="Deleting file: &apos;Microsoft.EntityFrameworkCore.SqlServer.dll&apos;" date="2025-10-14T04:29:22.681" /><!-- duration: 0ms -->
            <step title="Deleting file: &apos;Microsoft.Identity.Client.dll&apos;" date="2025-10-14T04:29:22.712" /><!-- duration: 16ms -->
            <step title="Deleting file: &apos;Microsoft.Identity.Client.Extensions.Msal.dll&apos;" date="2025-10-14T04:29:22.728" /><!-- duration: 16ms -->
            <step title="Deleting file: &apos;Microsoft.SqlServer.Server.dll&apos;" date="2025-10-14T04:29:22.759" /><!-- duration: 16ms -->
            <step title="Deleting file: &apos;System.ClientModel.dll&apos;" date="2025-10-14T04:29:22.806" /><!-- duration: 0ms -->
            <step title="Deleting file: &apos;System.Configuration.ConfigurationManager.dll&apos;" date="2025-10-14T04:29:22.822" /><!-- duration: 15ms -->
            <step title="Deleting file: &apos;System.Formats.Asn1.dll&apos;" date="2025-10-14T04:29:22.853" /><!-- duration: 0ms -->
            <step title="Deleting file: &apos;System.Memory.Data.dll&apos;" date="2025-10-14T04:29:22.915" /><!-- duration: 31ms -->
            <step title="Deleting file: &apos;System.Runtime.Caching.dll&apos;" date="2025-10-14T04:29:22.962" /><!-- duration: 31ms -->
            <step title="Deleting file: &apos;System.Security.Cryptography.ProtectedData.dll&apos;" date="2025-10-14T04:29:22.994" /><!-- duration: 16ms -->
            <step title="Deleting file: &apos;System.Security.Permissions.dll&apos;" date="2025-10-14T04:29:23.025" /><!-- duration: 16ms -->
            <step title="Deleting file: &apos;System.Windows.Extensions.dll&apos;" date="2025-10-14T04:29:23.087" /><!-- duration: 0ms -->
            <step title="Copying file: &apos;Application.deps.json&apos;" date="2025-10-14T04:29:23.181" /><!-- duration: 0ms -->
            <step title="Copying file: &apos;Application.dll&apos;" date="2025-10-14T04:29:23.197" /><!-- duration: 16ms -->
            <step title="Copying file: &apos;Application.pdb&apos;" date="2025-10-14T04:29:23.228" /><!-- duration: 0ms -->
            <step title="Copying file: &apos;appsettings.Development.json&apos;" date="2025-10-14T04:29:23.244" /><!-- duration: 16ms -->
            <step title="Copying file: &apos;appsettings.json&apos;" date="2025-10-14T04:29:23.275" /><!-- duration: 0ms -->
            <step title="Copying file: &apos;AutoMapper.dll&apos;" date="2025-10-14T04:29:23.290" /><!-- duration: 0ms -->
            <step title="Copying file: &apos;AutoMapper.Extensions.Microsoft.DependencyInjection.dll&apos;" date="2025-10-14T04:29:23.306" /><!-- duration: 17ms -->
            <step title="Copying file: &apos;BCrypt.Net-Next.dll&apos;" date="2025-10-14T04:29:23.337" /><!-- duration: 0ms -->
            <step title="Copying file: &apos;Certificate_Management_BE.deps.json&apos;" date="2025-10-14T04:29:23.369" /><!-- duration: 0ms -->
            <step title="Copying file: &apos;Certificate_Management_BE.dll&apos;" date="2025-10-14T04:29:23.415" /><!-- duration: 0ms -->
            <step title="Copying file: &apos;Certificate_Management_BE.exe&apos;" date="2025-10-14T04:29:23.431" /><!-- duration: 16ms -->
            <step title="Copying file: &apos;Certificate_Management_BE.pdb&apos;" date="2025-10-14T04:29:23.462" /><!-- duration: 0ms -->
            <step title="Copying file: &apos;Certificate_Management_BE.runtimeconfig.json&apos;" date="2025-10-14T04:29:23.588" /><!-- duration: 15ms -->
            <step title="Copying file: &apos;Certificate_Management_BE.staticwebassets.endpoints.json&apos;" date="2025-10-14T04:29:23.634" /><!-- duration: 0ms -->
            <step title="Copying file: &apos;Certificate_Management_BE.xml&apos;" date="2025-10-14T04:29:23.650" /><!-- duration: 0ms -->
            <step title="Copying file: &apos;CloudinaryDotNet.dll&apos;" date="2025-10-14T04:29:23.665" /><!-- duration: 0ms -->
            <step title="Copying file: &apos;Domain.deps.json&apos;" date="2025-10-14T04:29:23.681" /><!-- duration: 0ms -->
            <step title="Copying file: &apos;Domain.dll&apos;" date="2025-10-14T04:29:23.697" /><!-- duration: 0ms -->
            <step title="Copying file: &apos;Domain.pdb&apos;" date="2025-10-14T04:29:23.728" /><!-- duration: 0ms -->
            <step title="Copying file: &apos;EPPlus.dll&apos;" date="2025-10-14T04:29:23.744" /><!-- duration: 0ms -->
            <step title="Copying file: &apos;EPPlus.Interfaces.dll&apos;" date="2025-10-14T04:29:23.759" /><!-- duration: 0ms -->
            <step title="Copying file: &apos;EPPlus.System.Drawing.dll&apos;" date="2025-10-14T04:29:23.775" /><!-- duration: 16ms -->
            <step title="Copying file: &apos;Infrastructure.deps.json&apos;" date="2025-10-14T04:29:23.806" /><!-- duration: 0ms -->
            <step title="Copying file: &apos;Infrastructure.dll&apos;" date="2025-10-14T04:29:23.837" /><!-- duration: 0ms -->
            <step title="Copying file: &apos;Infrastructure.pdb&apos;" date="2025-10-14T04:29:23.869" /><!-- duration: 31ms -->
            <step title="Copying file: &apos;Infrastructure.runtimeconfig.json&apos;" date="2025-10-14T04:29:23.962" /><!-- duration: 0ms -->
            <step title="Copying file: &apos;Microsoft.AspNetCore.Authentication.JwtBearer.dll&apos;" date="2025-10-14T04:29:23.978" /><!-- duration: 16ms -->
            <step title="Copying file: &apos;Microsoft.AspNetCore.Authorization.dll&apos;" date="2025-10-14T04:29:23.994" /><!-- duration: 16ms -->
            <step title="Copying file: &apos;Microsoft.AspNetCore.Connections.Abstractions.dll&apos;" date="2025-10-14T04:29:24.025" /><!-- duration: 0ms -->
            <step title="Copying file: &apos;Microsoft.AspNetCore.Http.Features.dll&apos;" date="2025-10-14T04:29:24.041" /><!-- duration: 0ms -->
            <step title="Copying file: &apos;Microsoft.AspNetCore.SignalR.Common.dll&apos;" date="2025-10-14T04:29:24.135" /><!-- duration: 15ms -->
            <step title="Omitting next output lines..." date="2025-10-14T04:29:24.165" /><!-- duration: 0ms -->
            <step title="Finished successfully." date="2025-10-14T04:29:24.181" /><!-- duration: 0ms -->
          </step><!-- duration: 2992ms -->
          <step title="Build completed succesfully." date="2025-10-14T04:29:24.259" /><!-- duration: 16ms -->
          <step title="Running post deployment command(s)..." date="2025-10-14T04:29:24.337" /><!-- duration: 0ms -->
          <step title="Requesting site restart" date="2025-10-14T04:29:24.415" /><!-- duration: 16ms -->
          <step title="Requesting site restart" date="2025-10-14T04:29:24.431" /><!-- duration: 0ms -->
          <step title="Requesting site restart. Attempt #1" date="2025-10-14T04:29:24.509" /><!-- duration: 0ms -->
          <step title="Requesting site restart. Attempt #1" date="2025-10-14T04:29:24.509" /><!-- duration: 16ms -->
          <step title="Successfully requested a restart. Attempt #1" date="2025-10-14T04:29:26.025" /><!-- duration: 0ms -->
          <step title="Successfully requested a restart. Attempt #1" date="2025-10-14T04:29:26.041" /><!-- duration: 0ms -->
          <step title="Deployment successful. DEPLOYMENTINFO: deploymentPath = OneDeploy, deployer = OneDeploy, os = windows, sku = Standard, siteName = CertificateManagement, siteHostName = certificatemanagement.azurewebsites.net, deploymentStatus = Success" date="2025-10-14T04:29:26.119" /><!-- duration: 16ms -->
        </step><!-- duration: 7200ms -->
      </step><!-- duration: 7575ms -->
      <step title="Cleaning up temp files" date="2025-10-14T04:29:26.353" /><!-- duration: 16ms -->
      <step title="Skip function trigger and logicapp sync because function is not enabled." date="2025-10-14T04:29:26.384" /><!-- duration: 0ms -->
    </step><!-- duration: 9760ms -->
    <step title="LockFile &apos;C:\home\site\locks\deployments.lock&apos; released" date="2025-10-14T04:29:26.479" /><!-- duration: 30ms -->
    <step title="Deleting shutdown sentinel file" date="2025-10-14T04:29:26.509" SemaphoreCount="8" /><!-- duration: 0ms -->
  </step><!-- duration: 10555ms -->
  <step title="Outgoing response" date="2025-10-14T04:29:26.525" type="response" statusCode="200" statusText="OK" Server="Microsoft-IIS/10.0" x-ms-request-id="510a896c-a8b6-11f0-95d2-8cb0e954b127" Cache-Control="private" X-AspNet-Version="4.0.30319" /><!-- duration: 0ms -->
</step><!-- duration: 10700ms -->
