<step title="Incoming Request" date="2025-10-14T05:02:59.636" instance="680cd0" url="/api/publish?type=zip" method="POST" type="request" pid="2276,2,22" Cache-Control="no-cache" Content-Length="8088748" Content-Type="application/octet-stream" Accept="*/*" Accept-Encoding="gzip, deflate" Authorization="Bea..." Host="certificatemanagement.scm.azurewebsites.net" User-Agent="AZURECLI/2.77.0 (MSI)" x-ms-client-request-id="07cc0b74-a8bb-11f0-8681-8cb0e954b127" X-ARR-LOG-ID="07cc0b74-a8bb-11f0-8681-8cb0e954b127" CLIENT-IP="123.20.221.240:56828" X-SITE-DEPLOYMENT-ID="CertificateManagement" WAS-DEFAULT-HOSTNAME="certificatemanagement.scm.azurewebsites.net" X-Forwarded-Proto="https" X-AppService-Proto="https" X-Forwarded-TlsVersion="1.3" X-WAWS-Unencoded-URL="/api/publish?type=zip" >
  <step title="Cleanup Xml Logs" date="2025-10-14T05:02:59.652" /><!-- duration: 16ms -->
  <step title="OneDeploy" date="2025-10-14T05:02:59.746" >
    <step title="Starting PushDeployAsync" date="2025-10-14T05:02:59.794" /><!-- duration: 14ms -->
    <step title="Updating shutdown sentinel last write time" date="2025-10-14T05:02:59.964" SemaphoreCount="7" /><!-- duration: 16ms -->
    <step title="LockFile &apos;C:\home\site\locks\deployments.lock&apos; acquired" date="2025-10-14T05:03:00.011" /><!-- duration: 0ms -->
    <step title="Saving request content to C:\local\Temp\zipdeploy\3atbyolh.zip" date="2025-10-14T05:03:00.027" >
      <step title="Total 8,088,748 bytes written to C:\local\Temp\zipdeploy\3atbyolh.zip" date="2025-10-14T05:03:00.312" /><!-- duration: 11ms -->
    </step><!-- duration: 297ms -->
    <step title="LockFile &apos;C:\home\site\locks\deployments.lock&apos; released" date="2025-10-14T05:03:00.339" /><!-- duration: 0ms -->
    <step title="Deleting shutdown sentinel file" date="2025-10-14T05:03:00.355" SemaphoreCount="8" /><!-- duration: 0ms -->
    <step title="Starting FetchDeploy" date="2025-10-14T05:03:00.371" /><!-- duration: 0ms -->
    <step title="Attempting to fetch target branch HEAD" date="2025-10-14T05:03:00.386" /><!-- duration: 0ms -->
    <step title="Updating shutdown sentinel last write time" date="2025-10-14T05:03:00.418" SemaphoreCount="7" /><!-- duration: 0ms -->
    <step title="LockFile &apos;C:\home\site\locks\deployments.lock&apos; acquired" date="2025-10-14T05:03:00.449" /><!-- duration: 16ms -->
    <step title="Performing fetch based deployment" date="2025-10-14T05:03:00.496" >
      <step title="Creating temporary deployment" date="2025-10-14T05:03:00.515" /><!-- duration: 141ms -->
      <step title="Fetching changes." date="2025-10-14T05:03:00.779" /><!-- duration: 14ms -->
      <step title="Starting LocalZipHandler" date="2025-10-14T05:03:00.808" /><!-- duration: 16ms -->
      <step title="Starting LocalZipFetch" date="2025-10-14T05:03:00.840" /><!-- duration: 0ms -->
      <step title="Cleaning up temp folders from previous zip deployments and extracting pushed zip file C:\local\Temp\zipdeploy\3atbyolh.zip (7.71 MB) to C:\local\Temp\zipdeploy\extracted" date="2025-10-14T05:03:00.855" /><!-- duration: 0ms -->
      <step title="Cleaning up temp folders from previous zip deployments and extracting pushed zip file C:\local\Temp\zipdeploy\3atbyolh.zip (7.71 MB) to C:\local\Temp\zipdeploy\extracted" date="2025-10-14T05:03:00.855" >
        <step title="Extracting 86 entries to C:\local\Temp\zipdeploy\extracted directory" date="2025-10-14T05:03:00.971" >
          <step title="Extracting to C:\local\Temp\zipdeploy\extracted\runtimes\browser\lib\net8.0\System.Text.Encodings.Web.dll ..." date="2025-10-14T05:03:00.981" /><!-- duration: 50ms -->
          <step title="Extracting to C:\local\Temp\zipdeploy\extracted\runtimes\win\lib\net7.0\Microsoft.Win32.SystemEvents.dll ..." date="2025-10-14T05:03:01.043" /><!-- duration: 36ms -->
          <step title="Extracting to C:\local\Temp\zipdeploy\extracted\runtimes\win\lib\net7.0\System.Drawing.Common.dll ..." date="2025-10-14T05:03:01.089" /><!-- duration: 31ms -->
          <step title="Extracting to C:\local\Temp\zipdeploy\extracted\runtimes\win\lib\net8.0\System.Security.Cryptography.Pkcs.dll ..." date="2025-10-14T05:03:01.139" /><!-- duration: 13ms -->
          <step title="Extracting to C:\local\Temp\zipdeploy\extracted\Application.deps.json ..." date="2025-10-14T05:03:01.199" /><!-- duration: 16ms -->
          <step title="Omitting extracting file traces ..." date="2025-10-14T05:03:01.214" /><!-- duration: 16ms -->
          <step title="Extracting to C:\local\Temp\zipdeploy\extracted\web.config ..." date="2025-10-14T05:03:02.405" /><!-- duration: 30ms -->
        </step><!-- duration: 1495ms -->
      </step><!-- duration: 1625ms -->
      <step title="None repository commit" date="2025-10-14T05:03:02.480" >
        <step title="Commit id: f98835b099f4434fbe46027df1dee5d1" date="2025-10-14T05:03:02.480" Message="OneDeploy" AuthorName="N/A" AuthorEmail="N/A" /><!-- duration: 16ms -->
      </step><!-- duration: 16ms -->
      <step title="Before sending BuildRequestReceived status to /api/updatedeploystatus" date="2025-10-14T05:03:02.496" /><!-- duration: 31ms -->
      <step title="DeploymentManager.Deploy(id:f98835b099f4434fbe46027df1dee5d1)" date="2025-10-14T05:03:02.559" >
        <step title="Collecting changeset information" date="2025-10-14T05:03:02.574" /><!-- duration: 47ms -->
        <step title="Updating submodules" date="2025-10-14T05:03:02.652" >
          <step title="Updating submodules." date="2025-10-14T05:03:02.715" /><!-- duration: 0ms -->
        </step><!-- duration: 78ms -->
        <step title="Preparing deployment for commit id &apos;f98835b099&apos;." date="2025-10-14T05:03:02.824" /><!-- duration: 16ms -->
        <step title="Determining deployment builder" date="2025-10-14T05:03:02.919" >
          <step title="Builder is OneDeployBuilder" date="2025-10-14T05:03:02.933" /><!-- duration: 0ms -->
        </step><!-- duration: 14ms -->
        <step title="Copying SSH keys" date="2025-10-14T05:03:02.996" /><!-- duration: 0ms -->
        <step title="Building" date="2025-10-14T05:03:03.011" >
          <step title="Running build. Project type: OneDeploy" date="2025-10-14T05:03:03.077" /><!-- duration: 0ms -->
          <step title="Copying the manifest" date="2025-10-14T05:03:03.171" /><!-- duration: 12ms -->
          <step title="Clean deploying to C:\home\site\wwwroot" date="2025-10-14T05:03:03.263" /><!-- duration: 0ms -->
          <step title="Generating deployment script." date="2025-10-14T05:03:03.343" /><!-- duration: 0ms -->
          <step title="Generating deployment script" date="2025-10-14T05:03:03.355" >
            <step title="Using cached version of the deployment script for command: -y --no-dot-deployment -r &quot;C:\local\Temp\zipdeploy\extracted&quot; -o &quot;C:\home\site\deployments\tools&quot; --basic --sitePath &quot;C:\local\Temp\zipdeploy\extracted&quot;" date="2025-10-14T05:03:03.545" /><!-- duration: 0ms -->
            <step title="Using cached version of deployment script (command: &apos;azure -y --no-dot-deployment -r &quot;C:\local\Temp\zipdeploy\extracted&quot; -o &quot;C:\home\site\deployments\tools&quot; --basic --sitePath &quot;C:\local\Temp\zipdeploy\extracted&quot;&apos;)." date="2025-10-14T05:03:03.574" /><!-- duration: 0ms -->
          </step><!-- duration: 250ms -->
          <step title="Running deployment command..." date="2025-10-14T05:03:03.652" /><!-- duration: 16ms -->
          <step title="Command: &quot;C:\home\site\deployments\tools\deploy.cmd&quot;" date="2025-10-14T05:03:03.683" /><!-- duration: 16ms -->
          <step title="Executing external process" date="2025-10-14T05:03:03.730" type="process" path="starter.cmd" arguments="&quot;C:\home\site\deployments\tools\deploy.cmd&quot;" >
            <step title="Handling Basic Web Site deployment." date="2025-10-14T05:03:04.373" /><!-- duration: 13ms -->
            <step title="Creating app_offline.htm" date="2025-10-14T05:03:05.059" /><!-- duration: 16ms -->
            <step title="KuduSync.NET from: &apos;C:\local\Temp\zipdeploy\extracted&apos; to: &apos;C:\home\site\wwwroot&apos;" date="2025-10-14T05:03:05.090" /><!-- duration: 19ms -->
            <step title="Copying file: &apos;Application.dll&apos;" date="2025-10-14T05:03:05.139" /><!-- duration: 14ms -->
            <step title="Copying file: &apos;Application.pdb&apos;" date="2025-10-14T05:03:05.169" /><!-- duration: 0ms -->
            <step title="Copying file: &apos;appsettings.Development.json&apos;" date="2025-10-14T05:03:05.231" /><!-- duration: 16ms -->
            <step title="Copying file: &apos;appsettings.json&apos;" date="2025-10-14T05:03:05.264" /><!-- duration: 14ms -->
            <step title="Copying file: &apos;AutoMapper.dll&apos;" date="2025-10-14T05:03:05.309" /><!-- duration: 16ms -->
            <step title="Copying file: &apos;AutoMapper.Extensions.Microsoft.DependencyInjection.dll&apos;" date="2025-10-14T05:03:05.344" /><!-- duration: 12ms -->
            <step title="Copying file: &apos;BCrypt.Net-Next.dll&apos;" date="2025-10-14T05:03:05.374" /><!-- duration: 13ms -->
            <step title="Copying file: &apos;Certificate_Management_BE.deps.json&apos;" date="2025-10-14T05:03:05.404" /><!-- duration: 14ms -->
            <step title="Copying file: &apos;Certificate_Management_BE.dll&apos;" date="2025-10-14T05:03:05.449" /><!-- duration: 18ms -->
            <step title="Copying file: &apos;Certificate_Management_BE.exe&apos;" date="2025-10-14T05:03:05.481" /><!-- duration: 17ms -->
            <step title="Copying file: &apos;Certificate_Management_BE.pdb&apos;" date="2025-10-14T05:03:05.528" /><!-- duration: 0ms -->
            <step title="Copying file: &apos;Certificate_Management_BE.runtimeconfig.json&apos;" date="2025-10-14T05:03:05.543" /><!-- duration: 35ms -->
            <step title="Copying file: &apos;Certificate_Management_BE.staticwebassets.endpoints.json&apos;" date="2025-10-14T05:03:05.608" /><!-- duration: 13ms -->
            <step title="Copying file: &apos;Certificate_Management_BE.xml&apos;" date="2025-10-14T05:03:05.638" /><!-- duration: 20ms -->
            <step title="Copying file: &apos;CloudinaryDotNet.dll&apos;" date="2025-10-14T05:03:05.700" /><!-- duration: 16ms -->
            <step title="Copying file: &apos;Domain.dll&apos;" date="2025-10-14T05:03:05.750" /><!-- duration: 12ms -->
            <step title="Copying file: &apos;Domain.pdb&apos;" date="2025-10-14T05:03:05.793" /><!-- duration: 17ms -->
            <step title="Copying file: &apos;EPPlus.dll&apos;" date="2025-10-14T05:03:05.840" /><!-- duration: 15ms -->
            <step title="Copying file: &apos;EPPlus.Interfaces.dll&apos;" date="2025-10-14T05:03:05.871" /><!-- duration: 19ms -->
            <step title="Copying file: &apos;EPPlus.System.Drawing.dll&apos;" date="2025-10-14T05:03:05.949" /><!-- duration: 31ms -->
            <step title="Copying file: &apos;Infrastructure.dll&apos;" date="2025-10-14T05:03:06.031" /><!-- duration: 0ms -->
            <step title="Copying file: &apos;Infrastructure.pdb&apos;" date="2025-10-14T05:03:06.092" /><!-- duration: 0ms -->
            <step title="Copying file: &apos;Microsoft.AspNetCore.Authentication.JwtBearer.dll&apos;" date="2025-10-14T05:03:06.106" /><!-- duration: 0ms -->
            <step title="Copying file: &apos;Microsoft.EntityFrameworkCore.Abstractions.dll&apos;" date="2025-10-14T05:03:06.153" /><!-- duration: 0ms -->
            <step title="Copying file: &apos;Microsoft.EntityFrameworkCore.dll&apos;" date="2025-10-14T05:03:06.184" /><!-- duration: 20ms -->
            <step title="Copying file: &apos;Microsoft.EntityFrameworkCore.Relational.dll&apos;" date="2025-10-14T05:03:06.264" /><!-- duration: 0ms -->
            <step title="Copying file: &apos;Microsoft.Extensions.Caching.Abstractions.dll&apos;" date="2025-10-14T05:03:06.309" /><!-- duration: 16ms -->
            <step title="Copying file: &apos;Microsoft.Extensions.Caching.Memory.dll&apos;" date="2025-10-14T05:03:06.324" /><!-- duration: 16ms -->
            <step title="Copying file: &apos;Microsoft.Extensions.Configuration.Abstractions.dll&apos;" date="2025-10-14T05:03:06.340" /><!-- duration: 16ms -->
            <step title="Copying file: &apos;Microsoft.Extensions.Configuration.dll&apos;" date="2025-10-14T05:03:06.371" /><!-- duration: 0ms -->
            <step title="Copying file: &apos;Microsoft.Extensions.Configuration.FileExtensions.dll&apos;" date="2025-10-14T05:03:06.387" /><!-- duration: 0ms -->
            <step title="Copying file: &apos;Microsoft.Extensions.Configuration.Json.dll&apos;" date="2025-10-14T05:03:06.420" /><!-- duration: 20ms -->
            <step title="Copying file: &apos;Microsoft.Extensions.DependencyInjection.Abstractions.dll&apos;" date="2025-10-14T05:03:06.449" /><!-- duration: 0ms -->
            <step title="Copying file: &apos;Microsoft.Extensions.DependencyInjection.dll&apos;" date="2025-10-14T05:03:06.465" /><!-- duration: 0ms -->
            <step title="Copying file: &apos;Microsoft.Extensions.Diagnostics.Abstractions.dll&apos;" date="2025-10-14T05:03:06.481" /><!-- duration: 16ms -->
            <step title="Copying file: &apos;Microsoft.Extensions.FileProviders.Abstractions.dll&apos;" date="2025-10-14T05:03:06.496" /><!-- duration: 16ms -->
            <step title="Copying file: &apos;Microsoft.Extensions.FileProviders.Physical.dll&apos;" date="2025-10-14T05:03:06.528" /><!-- duration: 0ms -->
            <step title="Copying file: &apos;Microsoft.Extensions.FileSystemGlobbing.dll&apos;" date="2025-10-14T05:03:06.543" /><!-- duration: 0ms -->
            <step title="Copying file: &apos;Microsoft.Extensions.Hosting.Abstractions.dll&apos;" date="2025-10-14T05:03:06.574" /><!-- duration: 0ms -->
            <step title="Copying file: &apos;Microsoft.Extensions.Logging.Abstractions.dll&apos;" date="2025-10-14T05:03:06.590" /><!-- duration: 0ms -->
            <step title="Copying file: &apos;Microsoft.Extensions.Logging.dll&apos;" date="2025-10-14T05:03:06.606" /><!-- duration: 16ms -->
            <step title="Copying file: &apos;Microsoft.Extensions.ObjectPool.dll&apos;" date="2025-10-14T05:03:06.637" /><!-- duration: 0ms -->
            <step title="Copying file: &apos;Microsoft.Extensions.Options.dll&apos;" date="2025-10-14T05:03:06.653" /><!-- duration: 0ms -->
            <step title="Copying file: &apos;Microsoft.Extensions.Primitives.dll&apos;" date="2025-10-14T05:03:06.684" /><!-- duration: 0ms -->
            <step title="Copying file: &apos;Microsoft.IdentityModel.Abstractions.dll&apos;" date="2025-10-14T05:03:06.700" /><!-- duration: 0ms -->
            <step title="Copying file: &apos;Microsoft.IdentityModel.JsonWebTokens.dll&apos;" date="2025-10-14T05:03:06.715" /><!-- duration: 0ms -->
            <step title="Copying file: &apos;Microsoft.IdentityModel.Logging.dll&apos;" date="2025-10-14T05:03:06.731" /><!-- duration: 0ms -->
            <step title="Copying file: &apos;Microsoft.IdentityModel.Protocols.dll&apos;" date="2025-10-14T05:03:06.747" /><!-- duration: 16ms -->
            <step title="Omitting next output lines..." date="2025-10-14T05:03:06.762" /><!-- duration: 16ms -->
            <step title="Finished successfully." date="2025-10-14T05:03:06.793" /><!-- duration: 0ms -->
          </step><!-- duration: 3079ms -->
          <step title="Build completed succesfully." date="2025-10-14T05:03:06.887" /><!-- duration: 16ms -->
          <step title="Running post deployment command(s)..." date="2025-10-14T05:03:06.965" /><!-- duration: 16ms -->
          <step title="Requesting site restart" date="2025-10-14T05:03:07.122" /><!-- duration: 0ms -->
          <step title="Requesting site restart" date="2025-10-14T05:03:07.137" /><!-- duration: 16ms -->
          <step title="Requesting site restart. Attempt #1" date="2025-10-14T05:03:07.231" /><!-- duration: 0ms -->
          <step title="Requesting site restart. Attempt #1" date="2025-10-14T05:03:07.247" /><!-- duration: 0ms -->
          <step title="Successfully requested a restart. Attempt #1" date="2025-10-14T05:03:08.668" /><!-- duration: 0ms -->
          <step title="Successfully requested a restart. Attempt #1" date="2025-10-14T05:03:08.684" /><!-- duration: 0ms -->
          <step title="Deployment successful. DEPLOYMENTINFO: deploymentPath = OneDeploy, deployer = OneDeploy, os = windows, sku = Standard, siteName = CertificateManagement, siteHostName = certificatemanagement.azurewebsites.net, deploymentStatus = Success" date="2025-10-14T05:03:08.747" /><!-- duration: 0ms -->
        </step><!-- duration: 6001ms -->
      </step><!-- duration: 6473ms -->
      <step title="Cleaning up temp files" date="2025-10-14T05:03:09.043" /><!-- duration: 0ms -->
      <step title="Skip function trigger and logicapp sync because function is not enabled." date="2025-10-14T05:03:09.092" /><!-- duration: 0ms -->
    </step><!-- duration: 8688ms -->
    <step title="LockFile &apos;C:\home\site\locks\deployments.lock&apos; released" date="2025-10-14T05:03:09.200" /><!-- duration: 16ms -->
    <step title="Deleting shutdown sentinel file" date="2025-10-14T05:03:09.232" SemaphoreCount="8" /><!-- duration: 0ms -->
  </step><!-- duration: 9487ms -->
  <step title="Outgoing response" date="2025-10-14T05:03:09.247" type="response" statusCode="200" statusText="OK" Server="Microsoft-IIS/10.0" x-ms-request-id="07cc0b74-a8bb-11f0-8681-8cb0e954b127" Cache-Control="private" X-AspNet-Version="4.0.30319" /><!-- duration: 16ms -->
</step><!-- duration: 9626ms -->
