<step title="Incoming Request" date="2025-10-09T10:32:28.734" instance="680cd0" url="/api/siteextensions/Microsoft.AspNetCore.AzureAppServices.SiteExtension" method="PUT" type="request" pid="7928,2,16" Content-Length="0" Content-Type="application/json; charset=utf-8" Content-Encoding="utf-8" Accept-Encoding="gzip, deflate" Authorization="Bea..." Cookie="ARRAffinity=680cd0a291255ac070bc054c4a51a4e2e44f644ae1d88d8a0b2c90ca983145a1; ARRAffinitySameSite=680cd0a291255ac070bc054c4a51a4e2e44f644ae1d88d8a0b2c90ca983145a1" Host="certificatemanagement.scm.azurewebsites.net" User-Agent="Visual-Studio/17.14.15+36511.14.-september.2025- WebToolsExtension/17.14.122.59099" X-ARR-LOG-ID="b837b432-2e7c-4c42-8414-f835d4ca8112" CLIENT-IP="116.111.185.2:30323" X-SITE-DEPLOYMENT-ID="CertificateManagement" WAS-DEFAULT-HOSTNAME="certificatemanagement.scm.azurewebsites.net" X-Forwarded-Proto="https" X-AppService-Proto="https" X-Forwarded-TlsVersion="1.3" X-WAWS-Unencoded-URL="/api/siteextensions/Microsoft.AspNetCore.AzureAppServices.SiteExtension" >
  <step title="Cleanup Xml Logs" date="2025-10-09T10:32:28.734" /><!-- duration: 11ms -->
  <step title="Installing Microsoft.AspNetCore.AzureAppServices.SiteExtension, version:  from feed: , packageUri: " date="2025-10-09T10:32:29.826" /><!-- duration: 0ms -->
  <step title="Installing &apos;Microsoft.AspNetCore.AzureAppServices.SiteExtension&apos; version &apos;&apos; from &apos;&apos;" date="2025-10-09T10:32:30.434" >
    <step title="Site Extension Microsoft.AspNetCore.AzureAppServices.SiteExtension local version is 10.0.0-rc-1-25451-107" date="2025-10-09T10:32:30.557" /><!-- duration: 16ms -->
    <step title="Site Extension Microsoft.AspNetCore.AzureAppServices.SiteExtension remote version is 10.0.0-rc-1-25451-107" date="2025-10-09T10:32:34.162" /><!-- duration: 16ms -->
    <step title="Site Extension with id Microsoft.AspNetCore.AzureAppServices.SiteExtension is already installed" date="2025-10-09T10:32:34.177" /><!-- duration: 16ms -->
    <step title="Now querying from local repo for package &apos;Microsoft.AspNetCore.AzureAppServices.SiteExtension&apos;." date="2025-10-09T10:32:34.212" >
      <step title="Search packages locally with filter: Microsoft.AspNetCore.AzureAppServices.SiteExtension" date="2025-10-09T10:32:34.212" /><!-- duration: 185ms -->
      <step title="Adding local metadata to site extensions" date="2025-10-09T10:32:34.418" /><!-- duration: 260ms -->
    </step><!-- duration: 465ms -->
    <step title="Package Microsoft.AspNetCore.AzureAppServices.SiteExtension with version  from  with installation arguments &apos;&apos; already installed." date="2025-10-09T10:32:34.709" /><!-- duration: 16ms -->
    <step title="Update arm settings for Microsoft.AspNetCore.AzureAppServices.SiteExtension installation. Status: OK" date="2025-10-09T10:32:34.787" /><!-- duration: 192ms -->
  </step><!-- duration: 4576ms -->
  <step title="Outgoing response" date="2025-10-09T10:32:35.182" type="response" statusCode="200" statusText="OK" Server="Microsoft-IIS/10.0" x-ms-request-id="b837b432-2e7c-4c42-8414-f835d4ca8112" Cache-Control="private" X-AspNet-Version="4.0.30319" Content-Type="application/json; charset=utf-8" /><!-- duration: 17ms -->
</step><!-- duration: 6466ms -->
