<step title="Incoming Request" date="2025-10-09T09:22:34.704" instance="680cd0" url="/api/siteextensions/Microsoft.AspNetCore.AzureAppServices.SiteExtension" method="PUT" type="request" pid="6328,2,5" Content-Length="0" Content-Type="application/json; charset=utf-8" Content-Encoding="utf-8" Accept-Encoding="gzip, deflate" Authorization="Bea..." Cookie="ARRAffinity=680cd0a291255ac070bc054c4a51a4e2e44f644ae1d88d8a0b2c90ca983145a1; ARRAffinitySameSite=680cd0a291255ac070bc054c4a51a4e2e44f644ae1d88d8a0b2c90ca983145a1" Host="certificatemanagement.scm.azurewebsites.net" User-Agent="Visual-Studio/17.14.15+36511.14.-september.2025- WebToolsExtension/17.14.122.59099" X-ARR-LOG-ID="c5f48743-47d8-4ce7-852b-dfb83cb7c1a3" CLIENT-IP="116.111.185.2:1597" X-SITE-DEPLOYMENT-ID="CertificateManagement" WAS-DEFAULT-HOSTNAME="certificatemanagement.scm.azurewebsites.net" X-Forwarded-Proto="https" X-AppService-Proto="https" X-Forwarded-TlsVersion="1.3" X-WAWS-Unencoded-URL="/api/siteextensions/Microsoft.AspNetCore.AzureAppServices.SiteExtension" >
  <step title="Cleanup Xml Logs" date="2025-10-09T09:22:34.736" /><!-- duration: 16ms -->
  <step title="Installing Microsoft.AspNetCore.AzureAppServices.SiteExtension, version:  from feed: , packageUri: " date="2025-10-09T09:22:35.695" /><!-- duration: 0ms -->
  <step title="Installing &apos;Microsoft.AspNetCore.AzureAppServices.SiteExtension&apos; version &apos;&apos; from &apos;&apos;" date="2025-10-09T09:22:36.189" >
    <step title="Site Extension Microsoft.AspNetCore.AzureAppServices.SiteExtension remote version is 10.0.0-rc-1-25451-107" date="2025-10-09T09:22:39.927" /><!-- duration: 16ms -->
    <step title="FeedExtensionsV2 search package by id: Microsoft.AspNetCore.AzureAppServices.SiteExtension and version: ." date="2025-10-09T09:22:39.958" /><!-- duration: 0ms -->
    <step title="Install package: Microsoft.AspNetCore.AzureAppServices.SiteExtension." date="2025-10-09T09:22:39.958" >
      <step title="Download site extension: Microsoft.AspNetCore.AzureAppServices.SiteExtension" date="2025-10-09T09:22:39.974" /><!-- duration: 4522ms -->
      <step title="Check if applicationHost.xdt or scmApplicationHost.xdt file existed." date="2025-10-09T09:22:44.495" /><!-- duration: 0ms -->
      <step title="Trigger site extension job" date="2025-10-09T09:22:44.511" /><!-- duration: 16ms -->
    </step><!-- duration: 4741ms -->
    <step title="Update arm settings for Microsoft.AspNetCore.AzureAppServices.SiteExtension installation. Status: OK" date="2025-10-09T09:22:44.839" /><!-- duration: 156ms -->
  </step><!-- duration: 8822ms -->
  <step title="Outgoing response" date="2025-10-09T09:22:45.138" type="response" statusCode="200" statusText="OK" Server="Microsoft-IIS/10.0" x-ms-request-id="c5f48743-47d8-4ce7-852b-dfb83cb7c1a3" Cache-Control="private" X-AspNet-Version="4.0.30319" Content-Type="application/json; charset=utf-8" /><!-- duration: 13ms -->
</step><!-- duration: 10447ms -->
