﻿<?xml version="1.0" encoding="utf-8"?>
<entries>
  <entry time="2025-10-09T09:22:29.7506428+00:00" type="Message">
    <message>[Information] [user: hoangnhse162194@fpt.edu.vn] [d89a6e22-ec0b-4e46-98cd-457dc5b574ec] WebDeploy operation complete. Performing post-deployment operations.</message>
  </entry>
  <entry time="2025-10-09T09:22:30.1882024+00:00" type="Message">
    <message>[Verbose] [user: hoangnhse162194@fpt.edu.vn] Skip function trigger and logicapp sync because function is not enabled.</message>
  </entry>
  <entry time="2025-10-09T09:22:30.1882024+00:00" type="Message">
    <message>[Verbose] [user: hoangnhse162194@fpt.edu.vn] AutoSwap is not enabled</message>
  </entry>
  <entry time="2025-10-09T09:22:30.1882024+00:00" type="Message">
    <message>[Information] [user: hoangnhse162194@fpt.edu.vn] [d89a6e22-ec0b-4e46-98cd-457dc5b574ec] Post-deployment operations complete.</message>
  </entry>
  <entry time="2025-10-09T09:24:28.0492022+00:00" type="Message">
    <message>[Information] [user: hoangnhse162194@fpt.edu.vn] [845a2cc4-c6e5-4db5-97a8-8ab38e1a1a78] WebDeploy operation complete. Performing post-deployment operations.</message>
  </entry>
  <entry time="2025-10-09T09:24:28.0806252+00:00" type="Message">
    <message>[Verbose] [user: hoangnhse162194@fpt.edu.vn] Skip function trigger and logicapp sync because function is not enabled.</message>
  </entry>
  <entry time="2025-10-09T09:24:28.0806252+00:00" type="Message">
    <message>[Verbose] [user: hoangnhse162194@fpt.edu.vn] AutoSwap is not enabled</message>
  </entry>
  <entry time="2025-10-09T09:24:28.1007583+00:00" type="Message">
    <message>[Information] [user: hoangnhse162194@fpt.edu.vn] [845a2cc4-c6e5-4db5-97a8-8ab38e1a1a78] Post-deployment operations complete.</message>
  </entry>
  <entry time="2025-10-09T09:27:19.0616333+00:00" type="Message">
    <message>[Information] [user: hoangnhse162194@fpt.edu.vn] [1c6c8286-69cc-485b-85fb-8a72c8c17934] WebDeploy operation complete. Performing post-deployment operations.</message>
  </entry>
  <entry time="2025-10-09T09:27:19.0928964+00:00" type="Message">
    <message>[Verbose] [user: hoangnhse162194@fpt.edu.vn] Skip function trigger and logicapp sync because function is not enabled.</message>
  </entry>
  <entry time="2025-10-09T09:27:19.0928964+00:00" type="Message">
    <message>[Verbose] [user: hoangnhse162194@fpt.edu.vn] AutoSwap is not enabled</message>
  </entry>
  <entry time="2025-10-09T09:27:19.0928964+00:00" type="Message">
    <message>[Information] [user: hoangnhse162194@fpt.edu.vn] [1c6c8286-69cc-485b-85fb-8a72c8c17934] Post-deployment operations complete.</message>
  </entry>
  <entry time="2025-10-09T09:35:37.5126214+00:00" type="Message">
    <message>[Information] [user: hoangnhse162194@fpt.edu.vn] [9711feec-f378-4507-b73b-f6bfb967d5cc] WebDeploy operation complete. Performing post-deployment operations.</message>
  </entry>
  <entry time="2025-10-09T09:35:37.5327192+00:00" type="Message">
    <message>[Verbose] [user: hoangnhse162194@fpt.edu.vn] Skip function trigger and logicapp sync because function is not enabled.</message>
  </entry>
  <entry time="2025-10-09T09:35:37.5327192+00:00" type="Message">
    <message>[Verbose] [user: hoangnhse162194@fpt.edu.vn] AutoSwap is not enabled</message>
  </entry>
  <entry time="2025-10-09T09:35:37.5433583+00:00" type="Message">
    <message>[Information] [user: hoangnhse162194@fpt.edu.vn] [9711feec-f378-4507-b73b-f6bfb967d5cc] Post-deployment operations complete.</message>
  </entry>
  <entry time="2025-10-09T10:09:48.4910923+00:00" type="Message">
    <message>[Information] [user: hoangnhse162194@fpt.edu.vn] [9b2cdde1-11ad-4dd4-beee-e2328370ffd8] WebDeploy operation complete. Performing post-deployment operations.</message>
  </entry>
  <entry time="2025-10-09T10:09:48.9442257+00:00" type="Message">
    <message>[Verbose] [user: hoangnhse162194@fpt.edu.vn] Skip function trigger and logicapp sync because function is not enabled.</message>
  </entry>
  <entry time="2025-10-09T10:09:48.9442257+00:00" type="Message">
    <message>[Verbose] [user: hoangnhse162194@fpt.edu.vn] AutoSwap is not enabled</message>
  </entry>
  <entry time="2025-10-09T10:09:48.9442257+00:00" type="Message">
    <message>[Information] [user: hoangnhse162194@fpt.edu.vn] [9b2cdde1-11ad-4dd4-beee-e2328370ffd8] Post-deployment operations complete.</message>
  </entry>
  <entry time="2025-10-09T10:32:24.3729871+00:00" type="Message">
    <message>[Information] [user: hoangnhse162194@fpt.edu.vn] [ba5b0415-5c31-4936-ac2c-951f6acc3d17] WebDeploy operation complete. Performing post-deployment operations.</message>
  </entry>
  <entry time="2025-10-09T10:32:24.3862531+00:00" type="Message">
    <message>[Verbose] [user: hoangnhse162194@fpt.edu.vn] Skip function trigger and logicapp sync because function is not enabled.</message>
  </entry>
  <entry time="2025-10-09T10:32:24.3862531+00:00" type="Message">
    <message>[Verbose] [user: hoangnhse162194@fpt.edu.vn] AutoSwap is not enabled</message>
  </entry>
  <entry time="2025-10-09T10:32:24.3862531+00:00" type="Message">
    <message>[Information] [user: hoangnhse162194@fpt.edu.vn] [ba5b0415-5c31-4936-ac2c-951f6acc3d17] Post-deployment operations complete.</message>
  </entry>
  <entry time="2025-10-09T10:38:14.8301248+00:00" type="Message">
    <message>[Information] [user: hoangnhse162194@fpt.edu.vn] [311c7ed9-5991-4199-9d74-a82b5dcc6668] WebDeploy operation complete. Performing post-deployment operations.</message>
  </entry>
  <entry time="2025-10-09T10:38:14.8602226+00:00" type="Message">
    <message>[Verbose] [user: hoangnhse162194@fpt.edu.vn] Skip function trigger and logicapp sync because function is not enabled.</message>
  </entry>
  <entry time="2025-10-09T10:38:14.8602226+00:00" type="Message">
    <message>[Verbose] [user: hoangnhse162194@fpt.edu.vn] AutoSwap is not enabled</message>
  </entry>
  <entry time="2025-10-09T10:38:14.8602226+00:00" type="Message">
    <message>[Information] [user: hoangnhse162194@fpt.edu.vn] [311c7ed9-5991-4199-9d74-a82b5dcc6668] Post-deployment operations complete.</message>
  </entry>
  <entry time="2025-10-14T04:10:38.6233183+00:00" type="Message">
    <message>[Information] [user: hoangnhse162194@fpt.edu.vn] [5e433161-dd45-4e78-bacc-c345220e7c97] WebDeploy operation complete. Performing post-deployment operations.</message>
  </entry>
  <entry time="2025-10-14T04:10:39.0920796+00:00" type="Message">
    <message>[Verbose] [user: hoangnhse162194@fpt.edu.vn] Skip function trigger and logicapp sync because function is not enabled.</message>
  </entry>
  <entry time="2025-10-14T04:10:39.0920796+00:00" type="Message">
    <message>[Verbose] [user: hoangnhse162194@fpt.edu.vn] AutoSwap is not enabled</message>
  </entry>
  <entry time="2025-10-14T04:10:39.0920796+00:00" type="Message">
    <message>[Information] [user: hoangnhse162194@fpt.edu.vn] [5e433161-dd45-4e78-bacc-c345220e7c97] Post-deployment operations complete.</message>
  </entry>
  <entry time="2025-10-14T04:14:50.3275229+00:00" type="Message">
    <message>[Information] [user: hoangnhse162194@fpt.edu.vn] [96f6335d-591f-42ee-9a79-e705cf9d951b] WebDeploy operation complete. Performing post-deployment operations.</message>
  </entry>
  <entry time="2025-10-14T04:14:50.3447179+00:00" type="Message">
    <message>[Verbose] [user: hoangnhse162194@fpt.edu.vn] Skip function trigger and logicapp sync because function is not enabled.</message>
  </entry>
  <entry time="2025-10-14T04:14:50.3447179+00:00" type="Message">
    <message>[Verbose] [user: hoangnhse162194@fpt.edu.vn] AutoSwap is not enabled</message>
  </entry>
  <entry time="2025-10-14T04:14:50.3447179+00:00" type="Message">
    <message>[Information] [user: hoangnhse162194@fpt.edu.vn] [96f6335d-591f-42ee-9a79-e705cf9d951b] Post-deployment operations complete.</message>
  </entry>
  <entry time="2025-10-14T04:17:39.6188818+00:00" type="Message">
    <message>[Information] [user: hoangnhse162194@fpt.edu.vn] [da422c15-2c8c-4579-b932-6e3d3005cea2] WebDeploy operation complete. Performing post-deployment operations.</message>
  </entry>
  <entry time="2025-10-14T04:17:39.6345086+00:00" type="Message">
    <message>[Verbose] [user: hoangnhse162194@fpt.edu.vn] Skip function trigger and logicapp sync because function is not enabled.</message>
  </entry>
  <entry time="2025-10-14T04:17:39.6345086+00:00" type="Message">
    <message>[Verbose] [user: hoangnhse162194@fpt.edu.vn] AutoSwap is not enabled</message>
  </entry>
  <entry time="2025-10-14T04:17:39.6345086+00:00" type="Message">
    <message>[Information] [user: hoangnhse162194@fpt.edu.vn] [da422c15-2c8c-4579-b932-6e3d3005cea2] Post-deployment operations complete.</message>
  </entry>
  <entry time="2025-10-14T04:31:29.269103+00:00" type="Message">
    <message>[Information] [user: hoangnhse162194@fpt.edu.vn] [48689734-c06f-443a-8e13-bd5cf2e3bed2] WebDeploy operation complete. Performing post-deployment operations.</message>
  </entry>
  <entry time="2025-10-14T04:31:29.2794724+00:00" type="Message">
    <message>[Verbose] [user: hoangnhse162194@fpt.edu.vn] Skip function trigger and logicapp sync because function is not enabled.</message>
  </entry>
  <entry time="2025-10-14T04:31:29.2794724+00:00" type="Message">
    <message>[Verbose] [user: hoangnhse162194@fpt.edu.vn] AutoSwap is not enabled</message>
  </entry>
  <entry time="2025-10-14T04:31:29.2794724+00:00" type="Message">
    <message>[Information] [user: hoangnhse162194@fpt.edu.vn] [48689734-c06f-443a-8e13-bd5cf2e3bed2] Post-deployment operations complete.</message>
  </entry>
  <entry time="2025-10-14T04:46:55.4507007+00:00" type="Message">
    <message>[Information] [user: hoangnhse162194@fpt.edu.vn] [6d810e38-d449-4b95-abc4-cd26981cae72] WebDeploy operation complete. Performing post-deployment operations.</message>
  </entry>
  <entry time="2025-10-14T04:46:56.1351393+00:00" type="Message">
    <message>[Verbose] [user: hoangnhse162194@fpt.edu.vn] Skip function trigger and logicapp sync because function is not enabled.</message>
  </entry>
  <entry time="2025-10-14T04:46:56.1351393+00:00" type="Message">
    <message>[Verbose] [user: hoangnhse162194@fpt.edu.vn] AutoSwap is not enabled</message>
  </entry>
  <entry time="2025-10-14T04:46:56.1351393+00:00" type="Message">
    <message>[Information] [user: hoangnhse162194@fpt.edu.vn] [6d810e38-d449-4b95-abc4-cd26981cae72] Post-deployment operations complete.</message>
  </entry>
  <entry time="2025-10-14T04:55:11.1122686+00:00" type="Message">
    <message>[Information] [user: hoangnhse162194@fpt.edu.vn] [c5bc434c-6a1c-4f9c-bcaa-8250fc626ce6] WebDeploy operation complete. Performing post-deployment operations.</message>
  </entry>
  <entry time="2025-10-14T04:55:11.1424265+00:00" type="Message">
    <message>[Verbose] [user: hoangnhse162194@fpt.edu.vn] Skip function trigger and logicapp sync because function is not enabled.</message>
  </entry>
  <entry time="2025-10-14T04:55:11.1424265+00:00" type="Message">
    <message>[Verbose] [user: hoangnhse162194@fpt.edu.vn] AutoSwap is not enabled</message>
  </entry>
  <entry time="2025-10-14T04:55:11.1424265+00:00" type="Message">
    <message>[Information] [user: hoangnhse162194@fpt.edu.vn] [c5bc434c-6a1c-4f9c-bcaa-8250fc626ce6] Post-deployment operations complete.</message>
  </entry>
  <entry time="2025-10-14T04:58:14.5433477Z" type="Message">
    <message>[Information] [user: hoangnhse162194@fpt.edu.vn] [e6a3b186-47b5-413c-8fb6-ae3808ca4001] WebDeploy operation complete. Performing post-deployment operations.</message>
  </entry>
  <entry time="2025-10-14T04:58:14.5433477Z" type="Message">
    <message>[Verbose] [user: hoangnhse162194@fpt.edu.vn] Skip function trigger and logicapp sync because function is not enabled.</message>
  </entry>
  <entry time="2025-10-14T04:58:14.5433477Z" type="Message">
    <message>[Verbose] [user: hoangnhse162194@fpt.edu.vn] AutoSwap is not enabled</message>
  </entry>
  <entry time="2025-10-14T04:58:14.5433477Z" type="Message">
    <message>[Information] [user: hoangnhse162194@fpt.edu.vn] [e6a3b186-47b5-413c-8fb6-ae3808ca4001] Post-deployment operations complete.</message>
  </entry>
</entries>