﻿<?xml version="1.0" encoding="utf-8"?>
<deployment>
  <id>f98835b099f4434fbe46027df1dee5d1</id>
  <author>N/A</author>
  <deployer>OneDeploy</deployer>
  <authorEmail>N/A</authorEmail>
  <message>OneDeploy</message>
  <progress></progress>
  <status>Success</status>
  <statusText></statusText>
  <lastSuccessEndTime>2025-10-14T05:03:08.8096047Z</lastSuccessEndTime>
  <receivedTime>2025-10-14T05:03:02.5900166Z</receivedTime>
  <startTime>2025-10-14T05:03:02.8712668Z</startTime>
  <endTime>2025-10-14T05:03:08.8096047Z</endTime>
  <complete>True</complete>
  <is_temp>False</is_temp>
  <is_readonly>True</is_readonly>
  <project_type>OneDeploy</project_type>
  <vsproject_id></vsproject_id>
</deployment>