{"TimeStamp":"2025-10-14T05:03:08Z","SiteName":"CertificateManagement","RequestId":"07cc0b74-a8bb-11f0-8681-8cb0e954b127","Kind":"OneDeploy","Status":"Success","Details":"{\"Id\":\"f98835b099f4434fbe46027df1dee5d1\",\"Status\":4,\"StatusText\":\"\",\"AuthorEmail\":\"N/A\",\"Author\":\"N/A\",\"Message\":\"OneDeploy\",\"Progress\":\"\",\"Deployer\":\"OneDeploy\",\"ReceivedTime\":\"2025-10-14T05:03:02.5900166Z\",\"StartTime\":\"2025-10-14T05:03:02.8712668Z\",\"EndTime\":\"2025-10-14T05:03:08.8096047Z\",\"LastSuccessEndTime\":\"2025-10-14T05:03:08.8096047Z\",\"Complete\":true,\"IsTemporary\":false,\"IsReadOnly\":true,\"SiteName\":\"CertificateManagement\",\"HostName\":\"certificatemanagement.scm.azurewebsites.net\",\"ProjectType\":\"OneDeploy\",\"VsProjectId\":null}"}